n,m,d,p,Ridge R^2,Lasso R^2
1,1,1,2,0.9701402695598401,0.9696159192763564
1,1,2,3,0.9734248529554245,0.9731362045372691
1,1,3,4,0.9712445031850367,0.9704500254868988
1,1,4,5,0.9794344415508929,0.9790053364552245
1,1,5,6,0.9841007572706877,0.9831056634611439
1,1,6,7,0.9847327937552482,0.9842339995019315
1,1,7,8,0.980822043561219,0.9798034399779932
1,1,8,9,0.9749051369021688,0.9718116180566733
1,1,9,10,0.9683293236759926,0.9640232809794325
1,1,10,11,0.965269704265984,0.9639028802145944
1,2,1,3,0.973153261151775,0.9730618495735326
1,2,2,4,0.9759317202635345,0.975474075756466
1,2,3,5,0.977163079545951,0.9766722170825769
1,2,4,6,0.9831597744326609,0.9824570358595696
1,2,5,7,0.9855363032978768,0.9847840446444158
1,2,6,8,0.983271185066583,0.982682479690703
1,2,7,9,0.9824533546043892,0.9778432732197401
1,2,8,10,0.9803018767496763,0.9756854501601374
1,2,9,11,0.9704808322729274,0.9635104391633902
1,2,10,12,0.9656985298418742,0.9633050507275903
1,3,1,4,0.9749389933327777,0.9745319152411878
1,3,2,5,0.9791101729778562,0.978040884658927
1,3,3,6,0.9814531466067016,0.9808144813267845
1,3,4,7,0.9823672998095129,0.9817279845427489
1,3,5,8,0.9844495918876677,0.9837282835308641
1,3,6,9,0.9885317572340572,0.9849836452187195
1,3,7,10,0.986149244737443,0.9828032611843018
1,3,8,11,0.9802172241318828,0.9774325458323991
1,3,9,12,0.9756807877871584,0.9725496524375711
1,3,10,13,0.9696579576808162,0.9681136935115304
1,4,1,5,0.9797643759638923,0.9786042194020907
1,4,2,6,0.9837546714481404,0.9823549574995409
1,4,3,7,0.9831422365089434,0.982049825158802
1,4,4,8,0.9866678135468318,0.9852499642120214
1,4,5,9,0.9876149899776211,0.9842099832331929
1,4,6,10,0.9885240200132621,0.9862580220160483
1,4,7,11,0.9846442904258828,0.9817825505679458
1,4,8,12,0.98047523318784,0.9769475451790217
1,4,9,13,0.9729446129902966,0.9678608928838114
1,4,10,14,0.9677246969032733,0.9656517134012572
1,5,1,6,0.9852597230980499,0.9834139380526831
1,5,2,7,0.9840794023473634,0.9816844542899619
1,5,3,8,0.9821030926455582,0.9809346232629315
1,5,4,9,0.9881938744364773,0.9836885770030678
1,5,5,10,0.9899522622687532,0.9873587247494331
1,5,6,11,0.9907247402299779,0.986237028982201
1,5,7,12,0.9874549850447973,0.9835479334264869
1,5,8,13,0.9814360621301809,0.9773181363740963
1,5,9,14,0.9718333389896076,0.9680981878544401
1,5,10,15,0.9680484581070825,0.9651344645328142
1,6,1,7,0.9862461579455246,0.9841746126427409
1,6,2,8,0.9857491300103816,0.9839608114124467
1,6,3,9,0.9848489445257406,0.9796012785201573
1,6,4,10,0.9895196790692928,0.9855520463558634
1,6,5,11,0.9889360328468167,0.9845461536117865
1,6,6,12,0.9906559299524331,0.9873684176342166
1,6,7,13,0.9898829890011567,0.9859692316404309
1,6,8,14,0.9809185226590534,0.9762349284029321
1,6,9,15,0.9715202725071822,0.9647970580550994
1,6,10,16,0.9747678358750199,0.9676113446860419
1,7,1,8,0.9856019123817223,0.9838086806560977
1,7,2,9,0.9887389348477076,0.9844073647345777
1,7,3,10,0.9901674710611931,0.9867473056933768
1,7,4,11,0.9880002649540636,0.9855306650793157
1,7,5,12,0.9905246990759928,0.9860772924483595
1,7,6,13,0.9917597972175977,0.9865097336471363
1,7,7,14,0.9913675862708933,0.9875261767483237
1,7,8,15,0.9790514600099083,0.9746912882015437
1,7,9,16,0.9733000768887488,0.9640189502462941
1,7,10,17,0.9755336681038398,0.9683880974812177
1,8,1,9,0.9885543247420029,0.9841795358254174
1,8,2,10,0.991368084143768,0.988153290398305
1,8,3,11,0.9875697154282638,0.9844444650374168
1,8,4,12,0.9904619570495257,0.9851212780151464
1,8,5,13,0.9927122796037505,0.9865891490573973
1,8,6,14,0.9933372134930494,0.989130346098357
1,8,7,15,0.9907294922916979,0.9865343497552213
1,8,8,16,0.9823751239357416,0.9764726078899114
1,8,9,17,0.9780602814170863,0.966229177441509
1,8,10,18,0.9756774081222681,0.9638069039365288
1,9,1,10,0.9901608003423589,0.9855792025850248
1,9,2,11,0.9900316276439316,0.986040522712654
1,9,3,12,0.990564291999988,0.9849068487305864
1,9,4,13,0.9928713757184371,0.9872904359644935
1,9,5,14,0.9932767469041135,0.9886740427918491
1,9,6,15,0.9933238981637381,0.9885406333438478
1,9,7,16,0.9922223541285999,0.9880503807353711
1,9,8,17,0.9841939554184711,0.9769606258436575
1,9,9,18,0.9779758981811334,0.9671364950105158
1,9,10,19,0.9765686689518962,0.9676184492995881
1,10,1,11,0.9900156449401982,0.9859026540188618
1,10,2,12,0.9906668660598024,0.9857219535549657
1,10,3,13,0.9933804469420652,0.9899076885684193
1,10,4,14,0.9937282581414596,0.9889475456418467
1,10,5,15,0.9946124309870481,0.9905182942481817
1,10,6,16,0.994546642554909,0.9911072811305855
1,10,7,17,0.9926425055405487,0.9889880954744787
1,10,8,18,0.982890047150725,0.9751319314624584
1,10,9,19,0.9804805355484866,0.9734095332584037
1,10,10,20,0.9804566209093504,0.9738386283546439
2,1,1,2,0.9867104489281298,0.9755257404002805
2,1,2,3,0.985521956168441,0.9709500748534565
2,1,3,4,0.9867778316716418,0.973634338778261
2,1,4,5,0.9868884105040493,0.9741944137598793
2,1,5,6,0.9901437575861103,0.9824968647427882
2,1,6,7,0.9901111321968834,0.9828075985384882
2,1,7,8,0.9881809989854974,0.9808225942140532
2,1,8,9,0.9854980458302501,0.9707004318663179
2,1,9,10,0.9860306171114547,0.9666009143779282
2,1,10,11,0.9839967332808489,0.9619885976013609
2,2,1,3,0.9862681249619909,0.9722791461837786
2,2,2,4,0.9856615863537014,0.9727858402626927
2,2,3,5,0.9870254858824571,0.9752430249816567
2,2,4,6,0.9912063386193457,0.9825459621404605
2,2,5,7,0.9901538574657985,0.9814585417090337
2,2,6,8,0.9913198161800881,0.9819268624839805
2,2,7,9,0.9902350699496446,0.9817325258408839
2,2,8,10,0.9840713953570568,0.9736374002149674
2,2,9,11,0.9859050599538633,0.9694686021099931
2,2,10,12,0.9875076461283028,0.9652748875845617
2,3,1,4,0.9877473663155363,0.9785849971099055
2,3,2,5,0.9862717380205873,0.9732880465169991
2,3,3,6,0.9897047016416026,0.9804023486104503
2,3,4,7,0.99164885623579,0.982663853838522
2,3,5,8,0.9912107452865844,0.981437130496228
2,3,6,9,0.9926947758248299,0.9818617622656074
2,3,7,10,0.9906797494508234,0.9833669183947519
2,3,8,11,0.9839154648782844,0.9706927773214593
2,3,9,12,0.9868368377350341,0.9654754408588122
2,3,10,13,0.9866028633423384,0.960469753292756
2,4,1,5,0.9860134713992311,0.973136376400587
2,4,2,6,0.9909542529731578,0.9808447114936504
2,4,3,7,0.990920376795149,0.9836377365402628
2,4,4,8,0.9920407610681434,0.9841969883284922
2,4,5,9,0.9930133566218527,0.9831084295152801
2,4,6,10,0.992232177228732,0.9856366312308901
2,4,7,11,0.9898107600446271,0.9837511198927862
2,4,8,12,0.9879263495338139,0.9749992653524375
2,4,9,13,0.9893407192344046,0.9684010085672252
2,4,10,14,0.9873128453083044,0.9612259771852454
2,5,1,6,0.9903566869045987,0.9812252523091195
2,5,2,7,0.9917843711966124,0.983127664586622
2,5,3,8,0.9931310486939438,0.9842443686247282
2,5,4,9,0.993376513916971,0.9827470106814361
2,5,5,10,0.9931829504440757,0.986658626046141
2,5,6,11,0.9927783405995061,0.9855640653551765
2,5,7,12,0.9909460656742669,0.9835815000595882
2,5,8,13,0.9878282864777453,0.9743372485842907
2,5,9,14,0.9884943075822301,0.968793015396471
2,5,10,15,0.9895113538054423,0.9679114983609318
2,6,1,7,0.990654409625086,0.9834307184201336
2,6,2,8,0.9926205652435597,0.9843626349236678
2,6,3,9,0.9924489777339837,0.9823137329725941
2,6,4,10,0.9937492705824275,0.9874072920207178
2,6,5,11,0.9932594591619853,0.9841462415971051
2,6,6,12,0.9951320711908161,0.9842001337562286
2,6,7,13,0.989623835108102,0.9824799446462182
2,6,8,14,0.9882973507640539,0.9770686727965658
2,6,9,15,0.9878411141912246,0.9664433389407818
2,6,10,16,0.9909103764624829,0.9685409245609676
2,7,1,8,0.992144254107817,0.9830805690783468
2,7,2,9,0.9921928319408485,0.9805355052520864
2,7,3,10,0.9936480077894498,0.9858694939864648
2,7,4,11,0.9931343097177832,0.9835628009709274
2,7,5,12,0.9955025767407553,0.986214155937277
2,7,6,13,0.9957700383404774,0.9856595494283144
2,7,7,14,0.991728681941289,0.9869629308643583
2,7,8,15,0.9868799172373303,0.9764081983729086
2,7,9,16,0.9892588457694288,0.9705374400128732
2,7,10,17,0.9894911053389347,0.9631968306150656
2,8,1,9,0.9934664703211691,0.9822612956477915
2,8,2,10,0.9941868508475912,0.9866139624686401
2,8,3,11,0.9943720427797411,0.9872924750524141
2,8,4,12,0.9955258467372425,0.9842960357794991
2,8,5,13,0.9964582768602475,0.9882135468583592
2,8,6,14,0.9960185668577515,0.9896974612165539
2,8,7,15,0.9934607995932258,0.9879182602426351
2,8,8,16,0.9899464205520047,0.9747828436692805
2,8,9,17,0.9893360199021164,0.9665017380024142
2,8,10,18,0.9888259861115953,0.9665834272554003
2,9,1,10,0.9937680050040252,0.9842126497822227
2,9,2,11,0.9933816541659465,0.9848415013349101
2,9,3,12,0.9954235820799258,0.9846674801008964
2,9,4,13,0.9966653889174991,0.9887852810983576
2,9,5,14,0.9958347715338223,0.9892119273390055
2,9,6,15,0.996426994722691,0.9902065468787586
2,9,7,16,0.9936067547568446,0.98629360794225
2,9,8,17,0.9881498823222471,0.9760966109890397
2,9,9,18,0.9900732600216128,0.9643618664520183
2,9,10,19,0.992212183469793,0.9662382248295375
2,10,1,11,0.9937728783055683,0.9857817623857795
2,10,2,12,0.9955001036691671,0.9847327390631881
2,10,3,13,0.9962311952338061,0.9880959910821425
2,10,4,14,0.9965091729570215,0.9900377698889672
2,10,5,15,0.9964056536930164,0.9899138791133187
2,10,6,16,0.9962078261709737,0.9899748933044091
2,10,7,17,0.9930949699828795,0.9864454254699871
2,10,8,18,0.9910800735730552,0.9775323318195085
2,10,9,19,0.9928449615324546,0.9720092736000218
2,10,10,20,0.9903876290298081,0.9710058518097361
3,1,1,3,0.9922931180112191,0.9707113159568814
3,1,2,3,0.9935365547502241,0.9709544292312213
3,1,3,4,0.995020391618908,0.9722201693696687
3,1,4,5,0.9957248381478808,0.9772035450559413
3,1,5,6,0.996517822523337,0.9821235585963309
3,1,6,7,0.997606594492724,0.9836132263401599
3,1,7,8,0.9937818345188444,0.9810700783008242
3,1,8,9,0.992665287971366,0.9721760248795779
3,1,9,10,0.9913782989089635,0.9668547861602204
3,1,10,11,0.9919373636478028,0.9665971645964733
3,2,1,3,0.9933311624955117,0.9744828301772988
3,2,2,4,0.9944839404938716,0.9709922503532227
3,2,3,5,0.9950211739426412,0.9736039306774626
3,2,4,6,0.9966409014029551,0.9838100693008102
3,2,5,7,0.997531529356613,0.9822551263887752
3,2,6,8,0.9974247334897752,0.9838543345023705
3,2,7,9,0.9926834313517353,0.9806814227401596
3,2,8,10,0.9926035369472226,0.9689909638885461
3,2,9,11,0.9912081602133724,0.9715732546489108
3,2,10,12,0.9923929469820107,0.9686744999125028
3,3,1,4,0.9939802453175701,0.9733231216825675
3,3,2,5,0.994196751828324,0.9750395337620935
3,3,3,6,0.9966786898394597,0.9823534180049234
3,3,4,7,0.9972435376333725,0.9819793646379094
3,3,5,8,0.9976240755236182,0.9826228084559698
3,3,6,9,0.9972547043816524,0.9820011267127714
3,3,7,10,0.9938240983105805,0.9828739953257389
3,3,8,11,0.9933997528850607,0.975820434803944
3,3,9,12,0.9911122282816955,0.9638193342094157
3,3,10,13,0.9910993893201411,0.966270414910366
3,4,1,5,0.9953318136061283,0.9787696729011276
3,4,2,6,0.9967219604587693,0.9819489065443507
3,4,3,7,0.9976542459610008,0.9845139258838381
3,4,4,8,0.9974028164769959,0.9830762927491802
3,4,5,9,0.9976113883243717,0.9839583717066632
3,4,6,10,0.9971585094836029,0.9850351997597923
3,4,7,11,0.9924297121352018,0.9844596441538918
3,4,8,12,0.9925639976433581,0.9765212174956335
3,4,9,13,0.9922924291452375,0.965588613179347
3,4,10,14,0.9919378194907786,0.9700916411331114
3,5,1,6,0.9963631586615279,0.9818208625645856
3,5,2,7,0.9975075359881127,0.9823729930262521
3,5,3,8,0.9975798121345263,0.9850829253517965
3,5,4,9,0.9973962117541371,0.9827971820449749
3,5,5,10,0.9976333696261521,0.9849815166566492
3,5,6,11,0.9974940053849438,0.9855301674560822
3,5,7,12,0.9925737151017648,0.9795291345017401
3,5,8,13,0.9931001307251076,0.9758989524262901
3,5,9,14,0.9906949874873094,0.9698877878561983
3,5,10,15,0.9917203364462384,0.9649069096445905
3,6,1,7,0.9970421344021057,0.9832002004301591
3,6,2,8,0.9971203842946654,0.9797380303964851
3,6,3,9,0.9972642323971311,0.9820001133488465
3,6,4,10,0.9973450769297899,0.9854109115839441
3,6,5,11,0.9966103591355849,0.9835926393198515
3,6,6,12,0.9975167369265007,0.9841714520833595
3,6,7,13,0.9934203026414403,0.9858628832621996
3,6,8,14,0.9910306202224228,0.9735734105322056
3,6,9,15,0.9918785368479714,0.9608716401060279
3,6,10,16,0.992350876128722,0.9718268725720932
3,7,1,8,0.9974847576233018,0.9823075002366884
3,7,2,9,0.9971755073634815,0.9808369034738381
3,7,3,10,0.9975191651868173,0.9848895189561887
3,7,4,11,0.9975147164604247,0.9858017135636131
3,7,5,12,0.9976193133855695,0.9822906333352136
3,7,6,13,0.9976282386466179,0.9870910716031751
3,7,7,14,0.994798315492297,0.9875425016564002
3,7,8,15,0.9904730237096643,0.973983620031206
3,7,9,16,0.9933528503754635,0.968414480686905
3,7,10,17,0.9927391811858979,0.9627409281128883
3,8,1,9,0.9974903121938585,0.984869453068825
3,8,2,10,0.9972909838040923,0.9834630817022355
3,8,3,11,0.9974928534749085,0.983742948268028
3,8,4,12,0.9977123948328387,0.9866481291891379
3,8,5,13,0.998002950751677,0.9888600768900928
3,8,6,14,0.9979455358281273,0.990305366160709
3,8,7,15,0.9941930253207932,0.9876296345446202
3,8,8,16,0.9948919686122899,0.9793095280768087
3,8,9,17,0.9923304825636808,0.966566552284287
3,8,10,18,0.9935087758860227,0.9693280667798625
3,9,1,10,0.9972919834471394,0.9832459481667326
3,9,2,11,0.9976247417842085,0.984360715423414
3,9,3,12,0.9974348687764352,0.9861345933520607
3,9,4,13,0.9978794329571496,0.986733229212859
3,9,5,14,0.9979642719743317,0.9892563592319544
3,9,6,15,0.9976682773177211,0.9881594894515734
3,9,7,16,0.9951752624521218,0.9881496778269083
3,9,8,17,0.9935345521764746,0.9735170717890134
3,9,9,18,0.9938224537487761,0.969371765205311
3,9,10,19,0.9939352646911294,0.971910523090328
3,10,1,11,0.9975783775392034,0.9831784116038343
3,10,2,12,0.9976407832365066,0.9851431075129876
3,10,3,13,0.9977281295813109,0.9876570741382921
3,10,4,14,0.9979008615521598,0.9903192888686815
3,10,5,15,0.9976611879498885,0.9899299562390884
3,10,6,16,0.9979433786382504,0.9904758812626027
3,10,7,17,0.9954726567796441,0.9878382184881389
3,10,8,18,0.9935670217737927,0.9768534426581335
3,10,9,19,0.9936087309727171,0.9706845310028517
3,10,10,20,0.9929053741841241,0.9671533100285102
4,1,1,4,0.9932577037336868,0.9714171098624458
4,1,2,4,0.9944299010119382,0.9746355542040465
4,1,3,4,0.9952061866476222,0.9746180200211485
4,1,4,5,0.9965419858887739,0.9767286892877747
4,1,5,6,0.9982848255542964,0.9806261994405048
4,1,6,7,0.9988019584114115,0.981863415022003
4,1,7,8,0.9942201059395817,0.9775800372693306
4,1,8,9,0.9931520997149069,0.9729866923964821
4,1,9,10,0.99304770031351,0.9658877207015849
4,1,10,11,0.991741202863345,0.9631019820877604
4,2,1,4,0.9939049059377808,0.9683090432550057
4,2,2,4,0.9943548339970718,0.9708885806365838
4,2,3,5,0.9965535386288857,0.9766326886064318
4,2,4,6,0.9986874876346157,0.983950101952271
4,2,5,7,0.9987636319201414,0.9848216915584552
4,2,6,8,0.998809952769254,0.9818372905696762
4,2,7,9,0.9931684138119337,0.9797658520386369
4,2,8,10,0.992590008577953,0.9783393608396052
4,2,9,11,0.9930151927944219,0.965158337018007
4,2,10,12,0.9929654417777011,0.9665641943473929
4,3,1,4,0.9946707570210208,0.9753096289132523
4,3,2,5,0.9960734888116706,0.9765563106845253
4,3,3,6,0.9985263877502732,0.9815221522122768
4,3,4,7,0.9985543850014786,0.9817781377539064
4,3,5,8,0.9988786666207865,0.9837883984906655
4,3,6,9,0.9991072507949522,0.9848858206392893
4,3,7,10,0.9941596015557962,0.9795487418801719
4,3,8,11,0.9940352777904802,0.9753294941462454
4,3,9,12,0.9910177782043592,0.964695024179816
4,3,10,13,0.9931720328867368,0.9686230550174613
4,4,1,5,0.9962573349554031,0.975909829749366
4,4,2,6,0.9985339456522198,0.9850257254355729
4,4,3,7,0.998724524646383,0.9816729739252525
4,4,4,8,0.9988022602148404,0.9827783639827025
4,4,5,9,0.9988759815939486,0.9840146071596892
4,4,6,10,0.9989222702556304,0.9847862443717421
4,4,7,11,0.9946403856553974,0.98344690047415
4,4,8,12,0.9918896172332081,0.9734433230765627
4,4,9,13,0.991693479759072,0.9664031912184631
4,4,10,14,0.9932630355784298,0.966948756549416
4,5,1,6,0.9985854314196965,0.9830324493533195
4,5,2,7,0.998721101396441,0.9844063184405967
4,5,3,8,0.9987755080547099,0.9806499436649737
4,5,4,9,0.9989594231597926,0.982738325321521
4,5,5,10,0.9988194505332938,0.9863340579120783
4,5,6,11,0.9989759202673364,0.9842770222458881
4,5,7,12,0.9953709265063069,0.9854698749521471
4,5,8,13,0.9918393484033331,0.9751842457633828
4,5,9,14,0.9924891873033626,0.9663586056169085
4,5,10,15,0.9935278735257617,0.9720804289809336
4,6,1,7,0.998778393392056,0.9847226572252119
4,6,2,8,0.9988668799246574,0.9826661940236411
4,6,3,9,0.9989407728131074,0.9830297916147347
4,6,4,10,0.9989145645270013,0.9861019621367303
4,6,5,11,0.9989152453728443,0.9855127741249254
4,6,6,12,0.998853579883794,0.9832511654938613
4,6,7,13,0.9951062930351842,0.9852973619315383
4,6,8,14,0.9920136482504834,0.9752938912340664
4,6,9,15,0.9921927272428405,0.9615482578304155
4,6,10,16,0.9933832591486976,0.9659639129848779
4,7,1,8,0.9990177864467553,0.9842383016600684
4,7,2,9,0.9988482947343241,0.983345930193601
4,7,3,10,0.9990873465856254,0.9862851344337615
4,7,4,11,0.9989445248834001,0.9853495245135135
4,7,5,12,0.9988897539117816,0.9831223807002809
4,7,6,13,0.9988714996003888,0.9858152977309169
4,7,7,14,0.9936466404545854,0.9872507055045768
4,7,8,15,0.993777684663883,0.9761226419661477
4,7,9,16,0.9932849277933011,0.964250857511355
4,7,10,17,0.9938914237777865,0.9660191123830247
4,8,1,9,0.9990291810101057,0.9841531209908421
4,8,2,10,0.9989618931301613,0.9855204163114794
4,8,3,11,0.9988811282422043,0.9835256131612109
4,8,4,12,0.9990666312459219,0.9858249257935305
4,8,5,13,0.9989120626614009,0.9866586640979765
4,8,6,14,0.9989368858342407,0.9877289026930032
4,8,7,15,0.9942091443460518,0.986378993320356
4,8,8,16,0.9926935666055049,0.9717683013569715
4,8,9,17,0.9936912441572254,0.9693201244522164
4,8,10,18,0.9937796744613067,0.9694625072140781
4,9,1,10,0.9989463821159799,0.9854218308655306
4,9,2,11,0.9988049204598208,0.9841453729876763
4,9,3,12,0.998951201166661,0.9859784219226604
4,9,4,13,0.9990318871117645,0.985716875372289
4,9,5,14,0.9988919687836447,0.9890903280992048
4,9,6,15,0.9990393027024043,0.9903254117066494
4,9,7,16,0.9949628839664063,0.9864233790646275
4,9,8,17,0.9940014667750132,0.9759706125859414
4,9,9,18,0.9939073108948611,0.9737726260946344
4,9,10,19,0.9938673813779,0.9673897802514647
4,10,1,11,0.9987850878103709,0.9835212324782947
4,10,2,12,0.9989584150579192,0.9840996187050174
4,10,3,13,0.9989452691972286,0.985681819330141
4,10,4,14,0.9989051697694498,0.988472928841419
4,10,5,15,0.998937213521197,0.9894629734603583
4,10,6,16,0.9989500228159793,0.9894023739023894
4,10,7,17,0.9956609788205908,0.988861760380123
4,10,8,18,0.9940486823919119,0.9776509813329258
4,10,9,19,0.9938329669658441,0.9729366833734882
4,10,10,20,0.9947637539088363,0.9704969077438539
5,1,1,5,0.9933890150702634,0.9720801384598552
5,1,2,5,0.9942504814659694,0.9728492564329291
5,1,3,5,0.9942759402689344,0.9710108576819004
5,1,4,5,0.9970737835916496,0.981202686759378
5,1,5,6,0.9990691628111281,0.9835568887049376
5,1,6,7,0.9991741956419741,0.9855633638466726
5,1,7,8,0.9956765098810462,0.9817993341288869
5,1,8,9,0.9921618609496278,0.9727923412728641
5,1,9,10,0.9934448485056792,0.9660076816077174
5,1,10,11,0.9931675480664043,0.9704217869812336
5,2,1,5,0.9938617391492097,0.9725065519575243
5,2,2,5,0.9941500114103892,0.9705160211006446
5,2,3,5,0.9955736232595307,0.9748746125284722
5,2,4,6,0.9990127759917748,0.9836080041475578
5,2,5,7,0.9990544182829668,0.9846822034978062
5,2,6,8,0.9992624929171243,0.9858668831205621
5,2,7,9,0.9950131014694186,0.9823981931098099
5,2,8,10,0.9923869780268635,0.9775154843085563
5,2,9,11,0.9924042577680353,0.9654185356176722
5,2,10,12,0.9920409033720582,0.9657442253516739
5,3,1,5,0.9951476630801606,0.9747228238378475
5,3,2,5,0.9944423450259499,0.9712774782213462
5,3,3,6,0.9988866115438,0.9819800066153522
5,3,4,7,0.9991905844010116,0.9872967974128896
5,3,5,8,0.9992256232656024,0.9847825416202685
5,3,6,9,0.9991580156331369,0.9851522358366711
5,3,7,10,0.9955056999411923,0.9860780872467491
5,3,8,11,0.9933950749964543,0.9787679856653144
5,3,9,12,0.9934728978003483,0.9699233265081196
5,3,10,13,0.9929852717760758,0.9633189346408505
5,4,1,5,0.9955313846872031,0.9784885922739331
5,4,2,6,0.9990324213744657,0.9826413558977982
5,4,3,7,0.9990698709688285,0.9855917031994821
5,4,4,8,0.999277876519585,0.9859467371775517
5,4,5,9,0.9993656607335982,0.9867800287786951
5,4,6,10,0.9992518018900837,0.9849870272636554
5,4,7,11,0.9958355644058092,0.9865167940786008
5,4,8,12,0.9932145280287523,0.979637356062734
5,4,9,13,0.9936775520514243,0.9702488471962071
5,4,10,14,0.9918514819441555,0.9630899341305807
5,5,1,6,0.9990681107493976,0.9840636420382668
5,5,2,7,0.9990371264337485,0.9841359917151268
5,5,3,8,0.9993393610184832,0.9873797913730575
5,5,4,9,0.9992501695450577,0.9862865488822216
5,5,5,10,0.9993606962808407,0.9889534983872753
5,5,6,11,0.9993645692175356,0.9881458978766924
5,5,7,12,0.9960522634579425,0.9862184903937119
5,5,8,13,0.9940664889122843,0.9783880586037421
5,5,9,14,0.9934242754096965,0.9649932891461794
5,5,10,15,0.9937189425257119,0.9717699618488428
5,6,1,7,0.9990988212190363,0.9867206245875887
5,6,2,8,0.9992826792833209,0.9859086555417531
5,6,3,9,0.9992397718416526,0.9853292736089612
5,6,4,10,0.9993178509351122,0.9874860772445114
5,6,5,11,0.9993646783416962,0.9876410902599253
5,6,6,12,0.9993203162896773,0.9875641294937019
5,6,7,13,0.9956717467209136,0.9867830688841283
5,6,8,14,0.9928924984428927,0.9788417708028527
5,6,9,15,0.9925644022221747,0.9636829774113295
5,6,10,16,0.9937338317709328,0.9744814013569285
5,7,1,8,0.9992901880055987,0.9861425039147579
5,7,2,9,0.9991911405954548,0.9859156826366153
5,7,3,10,0.9993089618815345,0.9872550804206801
5,7,4,11,0.999355112486537,0.9872680464850986
5,7,5,12,0.9995054538738378,0.988556879168026
5,7,6,13,0.9993836555089011,0.9886817502732259
5,7,7,14,0.9939101032576598,0.9866184853761552
5,7,8,15,0.993270499766031,0.9799728265501365
5,7,9,16,0.993628948693312,0.966836598660394
5,7,10,17,0.9921839711991974,0.9680561618907938
5,8,1,9,0.9992211659723221,0.9865345832972733
5,8,2,10,0.9992470724369211,0.986833200101405
5,8,3,11,0.999358620237354,0.9880791232800112
5,8,4,12,0.9993899425139627,0.9884311045422283
5,8,5,13,0.9993095104721331,0.986777019328572
5,8,6,14,0.9993484976649062,0.9908741022922257
5,8,7,15,0.9957613675132768,0.9879854939527597
5,8,8,16,0.9947906694252648,0.9777745823083048
5,8,9,17,0.993525281788584,0.9647600779093715
5,8,10,18,0.9944745678768602,0.9693060218000319
5,9,1,10,0.9993073912264785,0.9864416834955444
5,9,2,11,0.9992758345231118,0.987599961096577
5,9,3,12,0.9993256831751146,0.9866560235282125
5,9,4,13,0.9993618410275856,0.9883241089724377
5,9,5,14,0.9994346924546001,0.9908075788372748
5,9,6,15,0.9994297875149736,0.9906098518721378
5,9,7,16,0.9944586395583797,0.9874049838500211
5,9,8,17,0.9942323329256918,0.9772635425901978
5,9,9,18,0.994062434788542,0.9704059403296517
5,9,10,19,0.9924442591587811,0.9654464229242559
5,10,1,11,0.9992759790870321,0.9863929424460636
5,10,2,12,0.9993066684037551,0.9862036915172737
5,10,3,13,0.9993695110889917,0.9858147070652832
5,10,4,14,0.9993445578148936,0.9897001695864351
5,10,5,15,0.9994183524497774,0.9910217590571282
5,10,6,16,0.9993911053045588,0.9901978400757928
5,10,7,17,0.9957721064660954,0.9884362068555541
5,10,8,18,0.993951240736813,0.977091511765278
5,10,9,19,0.9938258989076358,0.9715715498652331
5,10,10,20,0.9926148447014332,0.9678007621139959
6,1,1,6,0.9938876216746982,0.9729426025219541
6,1,2,6,0.9941323412542303,0.9732851913678067
6,1,3,6,0.995348984328086,0.9752468400252097
6,1,4,6,0.9967780794829757,0.9798218587485256
6,1,5,6,0.9992049770408867,0.988558040722886
6,1,6,7,0.9993572245019903,0.9903593512282317
6,1,7,8,0.9960713997144491,0.9884667781576081
6,1,8,9,0.9921643376425469,0.9758892264051195
6,1,9,10,0.9937173764270747,0.965549176985856
6,1,10,11,0.9943125809152954,0.9646256923328768
6,2,1,6,0.9936092440170227,0.9696240157311535
6,2,2,6,0.9949679450642284,0.9782091576029411
6,2,3,6,0.9962004357729431,0.9789194220762144
6,2,4,6,0.9992373314195863,0.9889308538578402
6,2,5,7,0.9993776102286608,0.9913295220232535
6,2,6,8,0.9993516930232015,0.9899769615037342
6,2,7,9,0.9956267467174069,0.9891522886320546
6,2,8,10,0.9947347128938365,0.9760061028630591
6,2,9,11,0.9931501925683438,0.9662230886742271
6,2,10,12,0.9941052164948364,0.9635956590306674
6,3,1,6,0.9943892062702234,0.9718385584071133
6,3,2,6,0.996249039183896,0.9794878816698355
6,3,3,6,0.9991605244629032,0.9884609826961535
6,3,4,7,0.9994760168212137,0.9916866690419078
6,3,5,8,0.9993576344822558,0.9914516725064096
6,3,6,9,0.9994034241067453,0.9911954318167112
6,3,7,10,0.9941707533156359,0.9880096503375717
6,3,8,11,0.9944909734904195,0.9796676477634025
6,3,9,12,0.9932068811641662,0.9663955019480158
6,3,10,13,0.9936574144328377,0.9617965746789728
6,4,1,6,0.9964951124446272,0.9780728135707702
6,4,2,6,0.9991413421152725,0.9884307408469674
6,4,3,7,0.9994388785350565,0.9919016824681736
6,4,4,8,0.9994075414636743,0.9903727078616491
6,4,5,9,0.9993976005759921,0.9906874722725638
6,4,6,10,0.9994157505506549,0.9919239731003952
6,4,7,11,0.9938104892285733,0.9885364703543809
6,4,8,12,0.9933725017652182,0.9816436265448842
6,4,9,13,0.9926549768298657,0.9638021172976489
6,4,10,14,0.9928147004154991,0.9677511697814767
6,5,1,6,0.9991360214527059,0.9871018180239406
6,5,2,7,0.9992792022777796,0.9911434950315181
6,5,3,8,0.9994445655219257,0.9921313057605359
6,5,4,9,0.9995129926012143,0.9926224817295264
6,5,5,10,0.9994139465249787,0.9906827576571469
6,5,6,11,0.9994777542957698,0.9915668929852647
6,5,7,12,0.9950987632269908,0.9900303589445545
6,5,8,13,0.9930343435341247,0.9802857817122976
6,5,9,14,0.9944972282498042,0.9735348355940684
6,5,10,15,0.9918210109265415,0.9604867630971633
6,6,1,7,0.9995232415669119,0.9929737809258042
6,6,2,8,0.9994130331258357,0.9917368638730453
6,6,3,9,0.999448283515287,0.991790538813063
6,6,4,10,0.9993810825115845,0.9913150421833242
6,6,5,11,0.9995746060615103,0.9937937053615244
6,6,6,12,0.9995714389619286,0.9920147406457822
6,6,7,13,0.9940280612291645,0.9889953478298619
6,6,8,14,0.9938738346649243,0.9807309858053068
6,6,9,15,0.9939077602839216,0.967985690570536
6,6,10,16,0.9941007039852631,0.9671573814064406
6,7,1,8,0.9994167782670434,0.9914656502888227
6,7,2,9,0.9993409734248501,0.9919568151919146
6,7,3,10,0.9994584166637159,0.991075557424726
6,7,4,11,0.9995242491353721,0.9922699057034216
6,7,5,12,0.9995208045447046,0.9913194933486013
6,7,6,13,0.9994964345629683,0.9917365299030889
6,7,7,14,0.9961856972470801,0.9897972805712423
6,7,8,15,0.9932598036582067,0.9782663144742623
6,7,9,16,0.99391672872583,0.9737228647611607
6,7,10,17,0.9937327947691206,0.9699290588451637
6,8,1,9,0.9994453752298691,0.9926418439887461
6,8,2,10,0.9993292663759548,0.9909234864319179
6,8,3,11,0.9994656620762638,0.9922360314312677
6,8,4,12,0.999516457470281,0.9925603035876576
6,8,5,13,0.9995126404018451,0.9917568166864518
6,8,6,14,0.9996162472449202,0.9941208422887877
6,8,7,15,0.9952153397062105,0.9908245155631438
6,8,8,16,0.9942243416406926,0.9796330116140513
6,8,9,17,0.9951608902568027,0.972935473872156
6,8,10,18,0.9934136822754788,0.9717825463125778
6,9,1,10,0.9993390862415509,0.990968823607993
6,9,2,11,0.9994628650195346,0.993292975373842
6,9,3,12,0.9995542520466724,0.9929055798775962
6,9,4,13,0.999580186578308,0.9936123872388938
6,9,5,14,0.999600060851965,0.9933023951308242
6,9,6,15,0.9995546617871579,0.9934194914081622
6,9,7,16,0.9960394930899754,0.9901327997580075
6,9,8,17,0.9941046231417545,0.9758793715097347
6,9,9,18,0.9937156138852318,0.970279649844637
6,9,10,19,0.9939555115672123,0.9706776600241779
6,10,1,11,0.9995029736662774,0.9918173482202092
6,10,2,12,0.9994514123844673,0.9915386574188334
6,10,3,13,0.9995759620204523,0.991532814822759
6,10,4,14,0.9995561109236147,0.991752796918446
6,10,5,15,0.9995814569829059,0.9932091741545437
6,10,6,16,0.9995188511259183,0.9930985343439165
6,10,7,17,0.9954437960719386,0.9897617735634122
6,10,8,18,0.9948202814168969,0.9806417573453695
6,10,9,19,0.9942084002838664,0.9676147081287239
6,10,10,20,0.9937685505193091,0.9675607215015686
7,1,1,7,0.9949131248440187,0.9758703437106172
7,1,2,7,0.9945081960640296,0.9714297653208357
7,1,3,7,0.9952928494587766,0.9759116879032073
7,1,4,7,0.9962563865263954,0.9785496137040656
7,1,5,7,0.9991684460689942,0.9889779580957611
7,1,6,7,0.9994673713042198,0.9953248979854643
7,1,7,8,0.9957267442292599,0.9930154873591118
7,1,8,9,0.993736818666615,0.9815001000523126
7,1,9,10,0.9944038678732262,0.9666617261799573
7,1,10,11,0.9943612986989615,0.9702117634897788
7,2,1,7,0.9949195058088364,0.9734365721295042
7,2,2,7,0.9956649892007453,0.9782438773600293
7,2,3,7,0.9956819080931126,0.9790489566179507
7,2,4,7,0.9991485003672743,0.9902521556389988
7,2,5,7,0.9994348249475085,0.9954495283152338
7,2,6,8,0.9994561601265832,0.9963556474348854
7,2,7,9,0.9963345746252005,0.9936660073181062
7,2,8,10,0.993979131499178,0.9742605169212754
7,2,9,11,0.9940923489093508,0.9676769299177261
7,2,10,12,0.9953600226966823,0.9669034240788161
7,3,1,7,0.9951018503577332,0.975734431993722
7,3,2,7,0.9951270517448755,0.9746348480783477
7,3,3,7,0.9991938757573599,0.9895682208871306
7,3,4,7,0.9994372930688159,0.9950926956036006
7,3,5,8,0.9994153733717601,0.9963662537752344
7,3,6,9,0.9994494279126535,0.9964007184645427
7,3,7,10,0.9947069980378496,0.9919899251873497
7,3,8,11,0.9921975916368183,0.976562082288832
7,3,9,12,0.993578840467492,0.9640427647951969
7,3,10,13,0.995067953781485,0.967230737010036
7,4,1,7,0.9957420666707103,0.9775617314205943
7,4,2,7,0.9991153627410411,0.9896139204633831
7,4,3,7,0.9994201512370294,0.9946472144251459
7,4,4,8,0.9994639805484316,0.9968344202310087
7,4,5,9,0.9994063337425061,0.9965454595115245
7,4,6,10,0.9994455813894939,0.9963323894743243
7,4,7,11,0.9953267855982773,0.9925084593146569
7,4,8,12,0.9942532822512602,0.9821732274596071
7,4,9,13,0.9945208291735694,0.960614376238045
7,4,10,14,0.994807572657962,0.968243088349995
7,5,1,7,0.9991284993667783,0.9887637512253357
7,5,2,7,0.9994626910957426,0.9948739304001057
7,5,3,8,0.9994653819041815,0.9960886137942615
7,5,4,9,0.999443231396793,0.9962936774337663
7,5,5,10,0.9994219681234142,0.996015470483297
7,5,6,11,0.9994543296584995,0.9956780973680067
7,5,7,12,0.9951490691953845,0.9920860852054999
7,5,8,13,0.9954254188979202,0.9791366353938348
7,5,9,14,0.9944389902813625,0.9649393867313305
7,5,10,15,0.9940899032538032,0.9701702418302977
7,6,1,7,0.9994219292971374,0.9952296872756348
7,6,2,8,0.999392540370626,0.9963799283911084
7,6,3,9,0.9995195916363765,0.9966904463627514
7,6,4,10,0.9994480771210054,0.9965792020819598
7,6,5,11,0.9994804176114612,0.9960785482525495
7,6,6,12,0.9995209197629861,0.9958553601421001
7,6,7,13,0.9953746151175553,0.9927816160508773
7,6,8,14,0.993146542823176,0.9780536875298801
7,6,9,15,0.9941998394133789,0.9683071688160092
7,6,10,16,0.9932135981346354,0.9652979200648161
7,7,1,8,0.9994782712243446,0.9963463499302889
7,7,2,9,0.9994418134917594,0.9964561955123147
7,7,3,10,0.9994747018946601,0.9966648361968544
7,7,4,11,0.9994659278853449,0.9963059607036789
7,7,5,12,0.9995163895332566,0.9952626366999376
7,7,6,13,0.9995923586642684,0.9962927680482752
7,7,7,14,0.9936799092156098,0.9916482067227748
7,7,8,15,0.9935949173527098,0.9817194326434887
7,7,9,16,0.9934864449671005,0.9702269133457857
7,7,10,17,0.9939935139251923,0.967680344108282
7,8,1,9,0.9994394440216795,0.9965834860814264
7,8,2,10,0.9994038540673148,0.9963886417603788
7,8,3,11,0.9994294026260938,0.9960984360421212
7,8,4,12,0.999534362885804,0.9963390560759466
7,8,5,13,0.9995732614694496,0.9965468202306997
7,8,6,14,0.9995458258667312,0.9956535387656016
7,8,7,15,0.9962337668878847,0.9932978719423128
7,8,8,16,0.9954409379802227,0.9765333253789097
7,8,9,17,0.9946364782429915,0.9707893703457416
7,8,10,18,0.9943898372077146,0.9718561209318606
7,9,1,10,0.9994223683010203,0.9967758849909489
7,9,2,11,0.999492778674674,0.9965910780424394
7,9,3,12,0.9995329981740858,0.9964250205476839
7,9,4,13,0.999647802327702,0.9964624629205332
7,9,5,14,0.9996384148287945,0.9967874295095506
7,9,6,15,0.9996281020649358,0.9967222243407622
7,9,7,16,0.9951039571990249,0.9921356570443041
7,9,8,17,0.9935763941954516,0.9802637959575023
7,9,9,18,0.9956275134197622,0.9735719271002367
7,9,10,19,0.994473387744578,0.9699367013214312
7,10,1,11,0.99950210248512,0.996695003315952
7,10,2,12,0.9995863574223924,0.9967180496411053
7,10,3,13,0.9995562997206573,0.9959365760049563
7,10,4,14,0.9995580637956246,0.9958069918275397
7,10,5,15,0.9996425511530355,0.9967040756865047
7,10,6,16,0.9996447967336733,0.9964180188478893
7,10,7,17,0.9974443151122676,0.9943857993253068
7,10,8,18,0.9946734811772833,0.978707127455774
7,10,9,19,0.9939789273036045,0.968044737578326
7,10,10,20,0.9947441019056873,0.9702139572465891
8,1,1,8,0.9952517015387763,0.9738880451994587
8,1,2,8,0.9950018088115392,0.9717463866881113
8,1,3,8,0.9953362280224847,0.9713681803305256
8,1,4,8,0.9960033397194803,0.9780840164298819
8,1,5,8,0.9991694279798432,0.988765292840026
8,1,6,8,0.9994515051461764,0.9949658901426052
8,1,7,8,0.9948431578367203,0.9925426315511041
8,1,8,9,0.9922422141766988,0.9749727291800436
8,1,9,10,0.994450711633995,0.9692981616138694
8,1,10,11,0.9927167062800126,0.9693458163229187
8,2,1,8,0.9942135582316306,0.9698747747823057
8,2,2,8,0.9955967256217134,0.9762266049762361
8,2,3,8,0.9959782905666537,0.9780541539136617
8,2,4,8,0.9991533314994152,0.9902587784587786
8,2,5,8,0.999472021639246,0.9946931528292684
8,2,6,8,0.9994994270370268,0.9967340499298565
8,2,7,9,0.995735223950023,0.9931788640361433
8,2,8,10,0.993716137271021,0.975535440847097
8,2,9,11,0.9922186860911792,0.9658953712499531
8,2,10,12,0.9934699001707987,0.9681846724291508
8,3,1,8,0.9954815279069624,0.9725696447083519
8,3,2,8,0.996010039254085,0.9784282254528075
8,3,3,8,0.999029011201887,0.9883405572952085
8,3,4,8,0.9993694703878947,0.9943619075957902
8,3,5,8,0.9994832978001479,0.9962743884376285
8,3,6,9,0.9994976299191564,0.9964821892176032
8,3,7,10,0.9955915407712904,0.9928623370421187
8,3,8,11,0.9929123805171991,0.9789504846378321
8,3,9,12,0.9936587633912654,0.9666168352877491
8,3,10,13,0.9943139625820726,0.964626910777289
8,4,1,8,0.996272674391263,0.9777225453084714
8,4,2,8,0.9992135528209635,0.9884245902602914
8,4,3,8,0.9993560686482151,0.9942729165547525
8,4,4,8,0.9994096186456225,0.9969245302786985
8,4,5,9,0.9994093016753962,0.9964443012150458
8,4,6,10,0.9994801014415944,0.9965479512222863
8,4,7,11,0.9948956497905446,0.9924499943838372
8,4,8,12,0.9930895971079453,0.9781583311192655
8,4,9,13,0.9947385934731923,0.967705794527233
8,4,10,14,0.9947020441253936,0.9730964599825159
8,5,1,8,0.9991663028726663,0.988529831568355
8,5,2,8,0.9993990508158808,0.995083480483561
8,5,3,8,0.9994428969381346,0.9964519375273054
8,5,4,9,0.9994428753336976,0.9959929304926128
8,5,5,10,0.9994627911498746,0.9964007931291109
8,5,6,11,0.9995482685500481,0.9966094720174004
8,5,7,12,0.996442286332292,0.9938879095015626
8,5,8,13,0.992662208659477,0.9782189108219929
8,5,9,14,0.9933148778778219,0.9664650565975536
8,5,10,15,0.9933071735076179,0.9609844300545999
8,6,1,8,0.9994037098718935,0.9951324762087177
8,6,2,8,0.9994192870615146,0.9962116832655893
8,6,3,9,0.9994193800672392,0.9964328590850584
8,6,4,10,0.999400345470481,0.9964192252254671
8,6,5,11,0.9995056873784648,0.9965849977294
8,6,6,12,0.999578154576377,0.9964496190261359
8,6,7,13,0.9945669178157869,0.9916905124000596
8,6,8,14,0.9926316405245558,0.9755462505075763
8,6,9,15,0.99471953823563,0.9731186814472033
8,6,10,16,0.9928651498268465,0.965792176913428
8,7,1,8,0.9994103007877838,0.9964041230710003
8,7,2,9,0.9994191221810427,0.9961792153788471
8,7,3,10,0.9994324794777663,0.9968311385092138
8,7,4,11,0.9994674125032623,0.9965252285349702
8,7,5,12,0.9995132577590277,0.9961347604507467
8,7,6,13,0.9995420348020279,0.9961396077266447
8,7,7,14,0.9965005354782018,0.9935511556600107
8,7,8,15,0.9947746355524884,0.9769058338830353
8,7,9,16,0.994282343266567,0.9665897804293764
8,7,10,17,0.9934689529404768,0.9699781633644611
8,8,1,9,0.9994478569269728,0.9963816686654751
8,8,2,10,0.9993875636153017,0.9964231532788451
8,8,3,11,0.9994947387367098,0.9963220505970924
8,8,4,12,0.9994923592266878,0.9959621486403537
8,8,5,13,0.9995787147233938,0.996068537627857
8,8,6,14,0.9996287150683485,0.9970119436191438
8,8,7,15,0.9962951016556647,0.9930999938023729
8,8,8,16,0.9929415582941136,0.9788967146681351
8,8,9,17,0.9932901241066006,0.9675791454314838
8,8,10,18,0.9939292549431291,0.9682020521838528
8,9,1,10,0.9994153219714502,0.9962883788176166
8,9,2,11,0.9994836830289783,0.9963864345544214
8,9,3,12,0.9995250714515433,0.99566435596196
8,9,4,13,0.9996141029582515,0.9965048524684209
8,9,5,14,0.9996344094127485,0.9967265924961426
8,9,6,15,0.9996680463393218,0.9965589599523085
8,9,7,16,0.9930394826174218,0.9909254325648222
8,9,8,17,0.9950258248047257,0.9787049339267511
8,9,9,18,0.9940672689179204,0.9676512380324008
8,9,10,19,0.9935934101705839,0.9638154847606095
8,10,1,11,0.9994973965103052,0.9964883856897042
8,10,2,12,0.9995457872166482,0.9965517360588187
8,10,3,13,0.9995983808416389,0.9962821747570995
8,10,4,14,0.9996664016905155,0.9967428606957206
8,10,5,15,0.9996461350061141,0.9967119361903909
8,10,6,16,0.9996878355441813,0.9964691894551126
8,10,7,17,0.997435097738623,0.9937175957342556
8,10,8,18,0.9931200782346594,0.9757815095302885
8,10,9,19,0.9935394552713156,0.9656683469510892
8,10,10,20,0.9939694888539233,0.9727984807543691
9,1,1,9,0.9941191654109225,0.9743186326790145
9,1,2,9,0.9946358146189337,0.9785804542210803
9,1,3,9,0.9957201554713208,0.976023774194645
9,1,4,9,0.9956030129581732,0.9768474663119839
9,1,5,9,0.9991487361178235,0.9895991735839665
9,1,6,9,0.9994406355928828,0.9951824204113302
9,1,7,9,0.9949403921284009,0.9924814441991796
9,1,8,9,0.9948774143633138,0.9822547297357564
9,1,9,10,0.993726777159697,0.9727070503220493
9,1,10,11,0.9936538205416093,0.9722847594772448
9,2,1,9,0.9946150749218606,0.9772598352080669
9,2,2,9,0.9947728531736695,0.9755822332440016
9,2,3,9,0.9962054303070271,0.977781444686535
9,2,4,9,0.9990714804737295,0.9898514621602357
9,2,5,9,0.9994415307874499,0.9944778246660982
9,2,6,9,0.9994851278274048,0.9964784299452019
9,2,7,9,0.9959002157844424,0.9934128639031549
9,2,8,10,0.9936896110462283,0.9785317641711289
9,2,9,11,0.9949962559804112,0.9757734812392018
9,2,10,12,0.9943068957795639,0.9704184698696907
9,3,1,9,0.9948372917995476,0.9732191463918908
9,3,2,9,0.9960366264802525,0.9773883155245698
9,3,3,9,0.9992436869424254,0.9906467234395684
9,3,4,9,0.9994232829520214,0.9947418394563273
9,3,5,9,0.9994210979331496,0.9961757810580075
9,3,6,9,0.9993478059846613,0.9958218411633432
9,3,7,10,0.9943171853752297,0.9921798045908798
9,3,8,11,0.9943346562601558,0.9809217691571503
9,3,9,12,0.995436185019295,0.9748075200783333
9,3,10,13,0.9936549381474363,0.9726870003251148
9,4,1,9,0.9958420613709226,0.9778235600279335
9,4,2,9,0.9993068277113921,0.9900406221663738
9,4,3,9,0.9994779260175005,0.995413837894307
9,4,4,9,0.9994587221301949,0.9957259371903817
9,4,5,9,0.9995320765896115,0.9964527019040063
9,4,6,10,0.9995020007961017,0.9960701795019514
9,4,7,11,0.99614721949497,0.9930015572330505
9,4,8,12,0.9937833818920302,0.9791716861696943
9,4,9,13,0.9947747386493871,0.9728981968306831
9,4,10,14,0.9933855513735594,0.970615761940762
9,5,1,9,0.9992500998640905,0.9907379730044056
9,5,2,9,0.9994660270734285,0.9950557411269411
9,5,3,9,0.9994363084396167,0.9959296197527315
9,5,4,9,0.999509227977136,0.9966971318556305
9,5,5,10,0.9994990495805198,0.996637785679264
9,5,6,11,0.9994482701534756,0.9962337991786641
9,5,7,12,0.9955988488490195,0.9923084733554416
9,5,8,13,0.9932948641921635,0.9779974481433628
9,5,9,14,0.9934235528484794,0.9734036850057385
9,5,10,15,0.9933521153734258,0.9732727711734616
9,6,1,9,0.9993199720138928,0.9937539157178155
9,6,2,9,0.9994113473336671,0.9961510923862886
9,6,3,9,0.9993893542569231,0.9960360244089608
9,6,4,10,0.9994793831592834,0.9963977014021261
9,6,5,11,0.9994760571076587,0.995888575002084
9,6,6,12,0.9995792841262493,0.9962518287524128
9,6,7,13,0.9954246120689704,0.9924642807245586
9,6,8,14,0.993099505889442,0.9760972787540657
9,6,9,15,0.9933938514205762,0.9731471290029589
9,6,10,16,0.9933577687174747,0.9732860317547938
9,7,1,9,0.9994547553824096,0.9962962633705165
9,7,2,9,0.9994573478173171,0.9961721496291458
9,7,3,10,0.999475110734214,0.9961994657049444
9,7,4,11,0.9994995935774357,0.996109536141615
9,7,5,12,0.9995753421863052,0.9964148071374408
9,7,6,13,0.999676705516199,0.9961876860703816
9,7,7,14,0.9959095607761719,0.9927553348084278
9,7,8,15,0.9942196844734914,0.9771177539916659
9,7,9,16,0.9930490019500834,0.9719646002961969
9,7,10,17,0.9931524233933315,0.9743328878251524
9,8,1,9,0.9994984990067265,0.9967859258816113
9,8,2,10,0.9995174138001706,0.9963461104633604
9,8,3,11,0.9995116466158841,0.9964028916510168
9,8,4,12,0.9995548808881657,0.995968252866666
9,8,5,13,0.9996347184730127,0.9965269523751554
9,8,6,14,0.9996490796857153,0.9970929190022825
9,8,7,15,0.9966201670096948,0.9936196780621728
9,8,8,16,0.9943758860672832,0.979135916613186
9,8,9,17,0.9943634672990446,0.9709806459135567
9,8,10,18,0.9941778160011411,0.9731219920677457
9,9,1,10,0.9995378353208642,0.9963831008281134
9,9,2,11,0.9995759283735225,0.9966351925328575
9,9,3,12,0.9995940993159935,0.9963801382462811
9,9,4,13,0.9996076266827669,0.9963625297469312
9,9,5,14,0.9996321054286199,0.9963416989752661
9,9,6,15,0.9996300225754587,0.996659441900059
9,9,7,16,0.9952136619223256,0.9929726222741057
9,9,8,17,0.99451082490519,0.9760725256665328
9,9,9,18,0.9933455900622497,0.9733366078201116
9,9,10,19,0.9948000338236956,0.9659516100161505
9,10,1,11,0.9994703436223011,0.9965454768848061
9,10,2,12,0.9995808801777111,0.9962910683147209
9,10,3,13,0.9996225105478003,0.9966460559357603
9,10,4,14,0.9996163017613455,0.9966836755486582
9,10,5,15,0.9996687020054149,0.9968722887288409
9,10,6,16,0.9996760546639177,0.9964902735629387
9,10,7,17,0.9944929554393596,0.9905246510058325
9,10,8,18,0.9961333628729542,0.982331397015267
9,10,9,19,0.9940763947334186,0.9739242682325833
9,10,10,20,0.9928936438783358,0.968399497501365
10,1,1,10,0.9935069098035034,0.9765793510186686
10,1,2,10,0.9956570788474935,0.9776410990287832
10,1,3,10,0.9955905419927208,0.977933461880391
10,1,4,10,0.996341971452946,0.983173501044429
10,1,5,10,0.9991506583175519,0.9892248675502947
10,1,6,10,0.9994875642249139,0.9954483282424353
10,1,7,10,0.9950743747571963,0.9930856149120455
10,1,8,10,0.9943057922887305,0.9814014244345141
10,1,9,10,0.9940389435727586,0.969748081507912
10,1,10,11,0.9934170087785107,0.9724187779489364
10,2,1,10,0.9945111133327414,0.9760508883386747
10,2,2,10,0.9955191072545511,0.9785276057821468
10,2,3,10,0.996324578256531,0.9829357076003291
10,2,4,10,0.9991042000097307,0.9887111082897885
10,2,5,10,0.9993854971770411,0.9942766929856913
10,2,6,10,0.9995294531614253,0.997032884614181
10,2,7,10,0.995384835126203,0.9929643849731508
10,2,8,10,0.9943064382541884,0.979305400062181
10,2,9,11,0.9929787036682937,0.9754941049924061
10,2,10,12,0.9921610205084774,0.968819264075767
10,3,1,10,0.995324684101771,0.9781581036261087
10,3,2,10,0.9964798911993135,0.9853234323830359
10,3,3,10,0.9992251214159493,0.9901909200585642
10,3,4,10,0.9994575506645486,0.994974625906502
10,3,5,10,0.9994338340356184,0.9962226267833628
10,3,6,10,0.9995099770913387,0.9961739935586387
10,3,7,10,0.9949387765224721,0.9931748128854772
10,3,8,11,0.9934449567678488,0.9758162653470203
10,3,9,12,0.9933937154718872,0.9695995196222845
10,3,10,13,0.9940522765831573,0.9745887016694937
10,4,1,10,0.9962760109478518,0.9815322814913909
10,4,2,10,0.9991990721656827,0.9922917912814759
10,4,3,10,0.9995010627151696,0.9948569562482454
10,4,4,10,0.999533031182453,0.9966979907294488
10,4,5,10,0.999520444551447,0.9969689464566908
10,4,6,10,0.9995416214710882,0.9963112338603817
10,4,7,11,0.9949666992483024,0.9927332982742634
10,4,8,12,0.99394214703047,0.9769053673259649
10,4,9,13,0.9945588647855794,0.9766301029537939
10,4,10,14,0.9936174092622463,0.9725272520217144
10,5,1,10,0.9991454069309069,0.9910172981520794
10,5,2,10,0.9994298626282779,0.994853362630713
10,5,3,10,0.9996087231743724,0.996619140153555
10,5,4,10,0.9994580927442293,0.9962794503670874
10,5,5,10,0.9995505019967855,0.9964453982295884
10,5,6,11,0.9995687219819456,0.9963840813065861
10,5,7,12,0.9950553099908928,0.992509903646471
10,5,8,13,0.9951278994563516,0.9776592356538727
10,5,9,14,0.9931690440846925,0.9696593648715759
10,5,10,15,0.9930102498787304,0.9708211406008533
10,6,1,10,0.9994987190777056,0.9947872628455839
10,6,2,10,0.9994828390578457,0.9966240908640311
10,6,3,10,0.9994830288068876,0.9962015239850517
10,6,4,10,0.9995349616734881,0.9958673229709077
10,6,5,11,0.9995475664629283,0.9962615685153193
10,6,6,12,0.9995964589792933,0.9968648467711763
10,6,7,13,0.9960533315062192,0.9927203924191034
10,6,8,14,0.9947366534119773,0.9798059598827886
10,6,9,15,0.9944946348613085,0.9697032374080341
10,6,10,16,0.995142205980652,0.9775202808250086
10,7,1,10,0.9995307427993273,0.9964034264015892
10,7,2,10,0.999486641408554,0.9965034737082977
10,7,3,10,0.9995373665686603,0.995824040019394
10,7,4,11,0.9995207031213128,0.996220100955568
10,7,5,12,0.9996093607469408,0.9964683427007881
10,7,6,13,0.9996735168518387,0.9961855075458818
10,7,7,14,0.99572463718739,0.9929430342366274
10,7,8,15,0.993743877985548,0.9810011377839182
10,7,9,16,0.9926957971101871,0.9691305203495184
10,7,10,17,0.9932959312668249,0.9722607370421279
10,8,1,10,0.9995067967896064,0.9967470637209448
10,8,2,10,0.9995311861755705,0.9964650513884761
10,8,3,11,0.999609733709543,0.9967593346520721
10,8,4,12,0.9996098107631306,0.9965914786868261
10,8,5,13,0.9996534717288489,0.9963492896410774
10,8,6,14,0.9996260802475477,0.9962563887485854
10,8,7,15,0.9953027283034385,0.9924987455614104
10,8,8,16,0.994156890230265,0.9788739150458802
10,8,9,17,0.9948379872297622,0.9744492590335683
10,8,10,18,0.9952869432372304,0.974055029283407
10,9,1,10,0.9995658681092279,0.9965777220374306
10,9,2,11,0.999589452075769,0.9968113719118148
10,9,3,12,0.9996006251763262,0.9966196812689784
10,9,4,13,0.9996271399777785,0.996753852188286
10,9,5,14,0.9996803923152807,0.9965253926830825
10,9,6,15,0.9996672741892951,0.9964305336395728
10,9,7,16,0.9965332935444418,0.993920682862712
10,9,8,17,0.9946914392874721,0.9765358267441061
10,9,9,18,0.9945413638665163,0.9716429738890435
10,9,10,19,0.9943639831109714,0.9787807208988459
10,10,1,11,0.9995520482818548,0.997027398835921
10,10,2,12,0.9995645567140329,0.9963941878299785
10,10,3,13,0.9996172382955407,0.9961657030010526
10,10,4,14,0.9996511976190111,0.9956744855126481
10,10,5,15,0.9996475203454173,0.9964872106335659
10,10,6,16,0.9996532636286853,0.9963567118170457
10,10,7,17,0.9963786196859509,0.9922120822504688
10,10,8,18,0.9943585689569879,0.9735423254929104
10,10,9,19,0.9951795646418435,0.9754102344995861
10,10,10,20,0.994934495059018,0.9704612176419717
